{
    "name": "root",
    "gauges": {
        "MyAgent.Policy.Entropy.mean": {
            "value": 1.3630527257919312,
            "min": 1.3630527257919312,
            "max": 1.4121400117874146,
            "count": 10
        },
        "MyAgent.Policy.Entropy.sum": {
            "value": 68084.484375,
            "min": 68084.484375,
            "max": 71426.0390625,
            "count": 10
        },
        "MyAgent.Environment.EpisodeLength.mean": {
            "value": 29.260340632603405,
            "min": 20.631009094846252,
            "max": 29.260340632603405,
            "count": 10
        },
        "MyAgent.Environment.EpisodeLength.sum": {
            "value": 48104.0,
            "min": 47637.0,
            "max": 48283.0,
            "count": 10
        },
        "MyAgent.Step.mean": {
            "value": 499952.0,
            "min": 49970.0,
            "max": 499952.0,
            "count": 10
        },
        "MyAgent.Step.sum": {
            "value": 499952.0,
            "min": 49970.0,
            "max": 499952.0,
            "count": 10
        },
        "MyAgent.Policy.ExtrinsicValueEstimate.mean": {
            "value": 0.25691455602645874,
            "min": -0.9106348752975464,
            "max": 0.25691455602645874,
            "count": 10
        },
        "MyAgent.Policy.ExtrinsicValueEstimate.sum": {
            "value": 482.742431640625,
            "min": -2160.9365234375,
            "max": 482.742431640625,
            "count": 10
        },
        "MyAgent.Environment.CumulativeReward.mean": {
            "value": 0.35809003564454345,
            "min": 0.10210230878074292,
            "max": 0.35809003564454345,
            "count": 10
        },
        "MyAgent.Environment.CumulativeReward.sum": {
            "value": 588.7000185996294,
            "min": 235.55002635717392,
            "max": 588.7000185996294,
            "count": 10
        },
        "MyAgent.Policy.ExtrinsicReward.mean": {
            "value": 0.35809003564454345,
            "min": 0.10210230878074292,
            "max": 0.35809003564454345,
            "count": 10
        },
        "MyAgent.Policy.ExtrinsicReward.sum": {
            "value": 588.7000185996294,
            "min": 235.55002635717392,
            "max": 588.7000185996294,
            "count": 10
        },
        "MyAgent.Losses.PolicyLoss.mean": {
            "value": 0.0232259759431084,
            "min": 0.02007994116672004,
            "max": 0.02563010947002719,
            "count": 10
        },
        "MyAgent.Losses.PolicyLoss.sum": {
            "value": 0.116129879715542,
            "min": 0.08031976466688016,
            "max": 0.12713679714749257,
            "count": 10
        },
        "MyAgent.Losses.ValueLoss.mean": {
            "value": 0.129197974751393,
            "min": 0.09267694046099981,
            "max": 0.1804633990706255,
            "count": 10
        },
        "MyAgent.Losses.ValueLoss.sum": {
            "value": 0.645989873756965,
            "min": 0.46338470230499906,
            "max": 0.721853596282502,
            "count": 10
        },
        "MyAgent.Policy.LearningRate.mean": {
            "value": 1.6162774612439996e-05,
            "min": 1.6162774612439996e-05,
            "max": 0.0002846094051302,
            "count": 10
        },
        "MyAgent.Policy.LearningRate.sum": {
            "value": 8.081387306219998e-05,
            "min": 8.081387306219998e-05,
            "max": 0.0012843018718994,
            "count": 10
        },
        "MyAgent.Policy.Epsilon.mean": {
            "value": 0.10538755999999998,
            "min": 0.10538755999999998,
            "max": 0.19486979999999995,
            "count": 10
        },
        "MyAgent.Policy.Epsilon.sum": {
            "value": 0.5269377999999999,
            "min": 0.4997188000000001,
            "max": 0.9281005999999998,
            "count": 10
        },
        "MyAgent.Policy.Beta.mean": {
            "value": 0.00027883924399999996,
            "min": 0.00027883924399999996,
            "max": 0.00474400302,
            "count": 10
        },
        "MyAgent.Policy.Beta.sum": {
            "value": 0.0013941962199999999,
            "min": 0.0013941962199999999,
            "max": 0.02141221994,
            "count": 10
        },
        "MyAgent.IsTraining.mean": {
            "value": 1.0,
            "min": 1.0,
            "max": 1.0,
            "count": 10
        },
        "MyAgent.IsTraining.sum": {
            "value": 1.0,
            "min": 1.0,
            "max": 1.0,
            "count": 10
        }
    },
    "metadata": {
        "timer_format_version": "0.1.0",
        "start_time_seconds": "1623362800",
        "python_version": "3.9.5 (tags/v3.9.5:0a7dcbd, May  3 2021, 17:27:52) [MSC v.1928 64 bit (AMD64)]",
        "command_line_arguments": "C:\\Users\\gusta\\AppData\\Local\\Programs\\Python\\Python39\\Scripts\\mlagents-learn --force",
        "mlagents_version": "0.26.0",
        "mlagents_envs_version": "0.26.0",
        "communication_protocol_version": "1.5.0",
        "pytorch_version": "1.7.1+cu110",
        "numpy_version": "1.20.2",
        "end_time_seconds": "1623363624"
    },
    "total": 824.4319456000001,
    "count": 1,
    "self": 0.006445900000016991,
    "children": {
        "run_training.setup": {
            "total": 0.021527900000000155,
            "count": 1,
            "self": 0.021527900000000155
        },
        "TrainerController.start_learning": {
            "total": 824.4039718,
            "count": 1,
            "self": 0.4600929999934351,
            "children": {
                "TrainerController._reset_env": {
                    "total": 4.615184599999999,
                    "count": 1,
                    "self": 4.615184599999999
                },
                "TrainerController.advance": {
                    "total": 819.1900561000066,
                    "count": 23459,
                    "self": 0.374898199997574,
                    "children": {
                        "env_step": {
                            "total": 531.2795326999967,
                            "count": 23459,
                            "self": 463.99271299999793,
                            "children": {
                                "SubprocessEnvManager._take_step": {
                                    "total": 67.02127619999433,
                                    "count": 23459,
                                    "self": 1.2629562999948973,
                                    "children": {
                                        "TorchPolicy.evaluate": {
                                            "total": 65.75831989999944,
                                            "count": 16686,
                                            "self": 11.676061599995336,
                                            "children": {
                                                "TorchPolicy.sample_actions": {
                                                    "total": 54.0822583000041,
                                                    "count": 16686,
                                                    "self": 54.0822583000041
                                                }
                                            }
                                        }
                                    }
                                },
                                "workers": {
                                    "total": 0.26554350000446814,
                                    "count": 23459,
                                    "self": 0.0,
                                    "children": {
                                        "worker_root": {
                                            "total": 819.9268932999948,
                                            "count": 23459,
                                            "is_parallel": true,